DROP DATABASE TartangaMusic;
CREATE DATABASE TartangaMusic;
USE TartangaMusic;

-- CREACION DE TABLAS

CREATE TABLE USUARIO
(NOMBRE VARCHAR(20) PRIMARY KEY,
CLAVE VARCHAR(20));

CREATE TABLE ARTISTA
(ID_A INT PRIMARY KEY,
NOMBRE VARCHAR(20),
TIPO ENUM('SOLO', 'GRUPO'),
IMAGEN VARCHAR(255));

CREATE TABLE ALBUM
(ID_AL INT PRIMARY KEY,
NOMBRE VARCHAR(50),
ID_A INT,
FOREIGN KEY (ID_A) REFERENCES ARTISTA (ID_A) ON DELETE CASCADE ON UPDATE CASCADE);

CREATE TABLE CANCION
(ID_C INT PRIMARY KEY,
NOMBRE VARCHAR(20),
GENERO ENUM('ROCK', 'POP', 'REGGAETON', 'TRAP', 'JAZZ', 'REGGAE'),
ID_AL INT,
FOREIGN KEY (ID_AL) REFERENCES ALBUM (ID_AL) ON DELETE CASCADE ON UPDATE CASCADE);

CREATE TABLE TIENE
(ID_A INT,
ID_C INT,
PRIMARY KEY(ID_A, ID_C),
FOREIGN KEY (ID_A) REFERENCES ARTISTA (ID_A) ON DELETE CASCADE ON UPDATE CASCADE,
FOREIGN KEY (ID_C) REFERENCES CANCION (ID_C) ON DELETE CASCADE ON UPDATE CASCADE);

-- INSERTS
-- INSERTS COMPLETOS

INSERT INTO USUARIO VALUES
('ADMIN', 'ADMIN'),
('123', '123');

INSERT INTO ARTISTA VALUES
(1, 'BadBunny', 'SOLO', 'badbunny.jpg'),
(2, 'Coldplay', 'GRUPO', 'coldplay.jpg'),
(3, 'Rosalia', 'SOLO', 'rosalia.jpg'),
(4, 'AC/DC', 'GRUPO', 'acdc.jpg'),
(5, 'Guns N Roses', 'GRUPO', 'gnr.jpg'),
(6, 'Queen', 'GRUPO', 'queen.jpg');

INSERT INTO ALBUM VALUES
(1, 'Un Verano Sin ti', 1),
(2, 'Parachutes', 2),
(3, 'Motomami', 3),
(4, 'Otra Noche en Miami', 1),
(5, 'Highway to Hell', 4),
(6, 'Appetite for Destruction', 5),
(7, 'The Works', 6);

INSERT INTO CANCION VALUES
(1, 'Tití Me Pregunto', 'REGGAETON', 1),
(2, 'Yellow', 'ROCK', 2),
(3, 'Saoko', 'TRAP', 3),
(4, 'NUEVA YOL', 'REGGAETON', 1),
(5, 'Highway to Hell', 'ROCK', 5),
(6, 'Sweet Child O Mine', 'ROCK', 6),
(7, 'I Want to Break Free', 'ROCK', 7);

INSERT INTO TIENE VALUES
(1,1),
(2,2),
(3,3),
(4,5),
(5,6),
(6,7);

-- PROCEDIMIENTOS Y FUNCIONES

-- =====================================================
-- 1. ALBUMSDEARTISTA
-- Muestra todos los álbumes que tiene un artista dado su ID, listándolos numerados. Si no existe o no tiene álbumes, avisa.

DELIMITER //

CREATE PROCEDURE ALBUMSDEARTISTA (IN ID INT)
BEGIN
    DECLARE NOM VARCHAR(50);
    DECLARE FIN BOOL DEFAULT 0;
    DECLARE N INT;
    DECLARE CONT INT DEFAULT 0;
    DECLARE C CURSOR FOR SELECT NOMBRE FROM ALBUM WHERE ID_A = ID;
    DECLARE CONTINUE HANDLER FOR NOT FOUND SET FIN = 1;
    
    SELECT COUNT(*) INTO N FROM ARTISTA WHERE ID_A = ID;

    IF N = 0 THEN
        SELECT 'El artista no existe' AS MENSAJE;
    ELSE
        OPEN C;
        FETCH C INTO NOM;

        WHILE FIN = 0 DO
            SET CONT = CONT + 1;
            SELECT CONCAT('ALBUM ', CONT, ': ', NOM) AS RESULTADO;
            FETCH C INTO NOM;
        END WHILE;

        CLOSE C;

        IF CONT = 0 THEN
            SELECT CONCAT('EL ARTISTA ', ID, ' NO TIENE ALBUMES') AS MENSAJE;
        END IF;
    END IF;
END //

DELIMITER ;

CALL ALBUMSDEARTISTA(1);

-- =====================================================
-- 2. CANCIONESDEALBUM
-- Dado el ID de un álbum, muestra cuántas canciones tiene y las lista. Si el álbum no existe o está vacío, avisa.

DELIMITER //

CREATE PROCEDURE CANCIONESDEALBUM (IN ID INT)
BEGIN
    DECLARE NOM VARCHAR(50);
    DECLARE N INT;
    DECLARE ENCONTRADO BOOL DEFAULT 1;

    DECLARE CONTINUE HANDLER FOR NOT FOUND SET ENCONTRADO = 0;

    SELECT NOMBRE INTO NOM FROM ALBUM WHERE ID_AL = ID;

    IF ENCONTRADO = 0 THEN
        SELECT 'EL ALBUM NO EXISTE' AS MENSAJE;
    ELSE
        SELECT COUNT(*) INTO N FROM CANCION WHERE ID_AL = ID;

        IF N = 0 THEN
            SELECT CONCAT('EL ALBUM ', NOM, ' NO TIENE CANCIONES') AS RESUMEN;
        ELSE
            SELECT CONCAT('EL ALBUM ', NOM, ' TIENE ', N, ' CANCION(ES)') AS RESUMEN;

            SELECT NOMBRE AS CANCIONES FROM CANCION WHERE ID_AL = ID;
        END IF;

    END IF;

END //

DELIMITER ;
CALL CANCIONESDEALBUM(1);

-- =====================================================
-- 3. PROMEDIOCANCIONES
-- Calcula el promedio de canciones por álbum de un artista, mostrando el detalle acumulado álbum a álbum.

DELIMITER //

CREATE PROCEDURE PROMEDIOCANCIONES (IN ID INT)
BEGIN
    DECLARE NOM VARCHAR(50);
    DECLARE ALB INT;
	DECLARE N INT;
    DECLARE FIN BOOL DEFAULT 0;
    DECLARE CANC INT DEFAULT 0;
    DECLARE CONT INT DEFAULT 0;
    DECLARE PROM DECIMAL(5,2); 
    DECLARE C CURSOR FOR SELECT ID_AL, NOMBRE FROM ALBUM WHERE ID_A = ID;
    DECLARE CONTINUE HANDLER FOR NOT FOUND SET FIN = 1;

    SELECT COUNT(*) INTO N FROM ARTISTA WHERE ID_A = ID;

    IF N = 0 THEN
        SELECT 'EL ARTISTA NO EXISTE' AS MENSAJE;
    ELSE
        OPEN C;
        FETCH C INTO ALB, NOM;

        WHILE FIN = 0 DO
            SET CANC = CANC + (SELECT COUNT(*) FROM CANCION WHERE ID_AL = ALB);
            SET CONT = CONT + 1;
            SELECT CONCAT('ALBUM ', CONT, ': ', NOM, ' -> Canciones acumuladas: ', CANC) AS DETALLE;
            FETCH C INTO ALB, NOM;
        END WHILE;

        CLOSE C;

        IF CONT = 0 THEN
            SELECT CONCAT('EL ARTISTA ', ID, ' NO TIENE ALBUMES') AS MENSAJE;
        ELSE
			SET PROM = CANC / CONT;
            SELECT CONCAT('PROMEDIO DE CANCIONES POR ALBUM: ', PROM) AS RESULTADO;
        END IF;
    END IF;
END //

DELIMITER ;

CALL PROMEDIOCANCIONES(1);

-- =====================================================
-- 4. CAMBIARNOMBREALBUM
-- Actualiza el nombre de un álbum dado su ID. Si el álbum no existe, lo indica.

DELIMITER //

CREATE PROCEDURE CAMBIARNOMBREALBUM(IN ID_ALB INT, IN NUEVO_NOM VARCHAR(50))
BEGIN
    DECLARE EXISTE INT;

    SELECT COUNT(*) INTO EXISTE FROM ALBUM WHERE ID_AL = ID_ALB;

    IF EXISTE = 0 THEN
        SELECT 'EL ALBUM NO EXISTE' AS MENSAJE;
    ELSE
        UPDATE ALBUM SET NOMBRE = NUEVO_NOM WHERE ID_AL = ID_ALB;
        SELECT CONCAT('ALBUM ACTUALIZADO A: ', NUEVO_NOM) AS MENSAJE;
    END IF;
END //

DELIMITER ;

SELECT * FROM ALBUM;

-- =====================================================
-- 5. TIPOALBUM
-- Devuelve si un álbum es EP (8 canciones o menos) o LP (más de 8 canciones).

DELIMITER //

CREATE FUNCTION TIPOALBUM(ID INT) RETURNS VARCHAR(50) DETERMINISTIC
BEGIN
    DECLARE N INT;
    DECLARE MENSAJE VARCHAR(50);

    SELECT COUNT(*) INTO N FROM CANCION WHERE ID_AL = ID;

    IF N > 8 THEN
        SET MENSAJE = 'EL ALBUM ES UN LP';
    ELSE
        SET MENSAJE = 'EL ALBUM ES UN EP';
    END IF;

    RETURN MENSAJE;

END //

DELIMITER ;

SELECT TIPOALBUM(1);

-- =====================================================
-- 6. NIVELARTISTA 
-- Devuelve el nivel de productividad de un artista según el total de canciones que tiene publicadas.

DELIMITER //

CREATE FUNCTION NIVELARTISTA(ID INT) RETURNS VARCHAR(50) DETERMINISTIC
BEGIN
    DECLARE TOTAL INT;
    DECLARE MENSAJE VARCHAR(50);

    SELECT COUNT(*) INTO TOTAL FROM CANCION C, ALBUM A WHERE C.ID_AL = A.ID_AL AND A.ID_A = ID;

    IF TOTAL >= 20 THEN
        SET MENSAJE = 'ARTISTA MUY PRODUCTIVO';
    ELSEIF TOTAL >= 10 THEN
        SET MENSAJE = 'ARTISTA PRODUCTIVO';
    ELSEIF TOTAL > 0 THEN
        SET MENSAJE = 'ARTISTA CON POCAS CANCIONES';
    ELSE
        SET MENSAJE = 'ARTISTA SIN CANCIONES';
    END IF;

    RETURN MENSAJE;

END //

DELIMITER ;

SELECT NIVELARTISTA(1);

-- =====================================================
-- 7. ARTISTASDECANCION
-- Dado el ID de una canción, muestra todos los artistas que participan en ella según la tabla PERTENECE.

DELIMITER //

CREATE PROCEDURE ARTISTASDECANCION(IN ID INT)
BEGIN

    DECLARE EXISTE INT;
    DECLARE NOMCANCION VARCHAR(50);

    SELECT COUNT(*) INTO EXISTE FROM CANCION WHERE ID_C = ID;

    IF EXISTE = 0 THEN
        SELECT 'LA CANCION NO EXISTE' AS MENSAJE;
    ELSE
        SELECT NOMBRE INTO NOMCANCION FROM CANCION WHERE ID_C = ID;

        SELECT CONCAT('ARTISTAS QUE PARTICIPAN EN: ', NOMCANCION) AS INFO;

        SELECT A.NOMBRE AS ARTISTA FROM ARTISTA A, TIENE P WHERE A.ID_A = P.ID_A AND P.ID_C = ID;

    END IF;

END //

DELIMITER ;

CALL ARTISTASDECANCION(1);

-- =====================================================
-- 8. GENEROPREDOMINANTE 
-- Devuelve el género musical más frecuente entre las canciones de un álbum dado su ID.

DELIMITER //

CREATE FUNCTION GENEROPREDOMINANTE(ID INT) RETURNS VARCHAR(20) DETERMINISTIC
BEGIN

    DECLARE R INT;
    DECLARE P INT;
    DECLARE REG INT;
    DECLARE T INT;
    DECLARE J INT;
    DECLARE RE INT;
    DECLARE MAYOR INT DEFAULT 0;
    DECLARE GENERO VARCHAR(20);

    SELECT COUNT(*) INTO R FROM CANCION WHERE ID_AL = ID AND GENERO = 'ROCK';
    SELECT COUNT(*) INTO P FROM CANCION WHERE ID_AL = ID AND GENERO = 'POP';
    SELECT COUNT(*) INTO REG FROM CANCION WHERE ID_AL = ID AND GENERO = 'REGGAETON';
    SELECT COUNT(*) INTO T FROM CANCION WHERE ID_AL = ID AND GENERO = 'TRAP';
    SELECT COUNT(*) INTO J FROM CANCION WHERE ID_AL = ID AND GENERO = 'JAZZ';
    SELECT COUNT(*) INTO RE FROM CANCION WHERE ID_AL = ID AND GENERO = 'REGGAE';

    SET MAYOR = R;
    SET GENERO = 'ROCK';

    IF P > MAYOR THEN
        SET MAYOR = P;
        SET GENERO = 'POP';
    END IF;

    IF REG > MAYOR THEN
        SET MAYOR = REG;
        SET GENERO = 'REGGAETON';
    END IF;

    IF T > MAYOR THEN
        SET MAYOR = T;
        SET GENERO = 'TRAP';
    END IF;

    IF J > MAYOR THEN
        SET MAYOR = J;
        SET GENERO = 'JAZZ';
    END IF;

    IF RE > MAYOR THEN
        SET MAYOR = RE;
        SET GENERO = 'REGGAE';
    END IF;
    
    IF MAYOR = 0 THEN
		RETURN 'SIN CANCIONES';
	END IF;

    RETURN GENERO;

END //

DELIMITER ;

SELECT GENEROPREDOMINANTE(1);

-- CONSULTAS EXTRA AN, NORA Y RICARDO

DELIMITER //

CREATE PROCEDURE obtenerCancionesPorArtista(IN p_id_artista INT)
BEGIN
    SELECT c.ID_C, c.NOMBRE, c.GENERO, al.NOMBRE AS nombre_album
    FROM CANCION c
    JOIN ALBUM al ON c.ID_AL = al.ID_AL
    WHERE al.ID_A = p_id_artista;
END //

DELIMITER ;

DELIMITER //

CREATE PROCEDURE ListarArtistas()
BEGIN
    SELECT * FROM ARTISTA;
END //

DELIMITER ;

DELIMITER //

CREATE PROCEDURE eliminarArtistaCompleto(IN idArtista INT)
BEGIN

    DELETE FROM TIENE WHERE ID_A = idArtista;

    DELETE FROM CANCION 
    WHERE ID_AL IN (SELECT ID_AL FROM ALBUM WHERE ID_A = idArtista);

    DELETE FROM ALBUM WHERE ID_A = idArtista;

    DELETE FROM ARTISTA WHERE ID_A = idArtista;

END //

DELIMITER ;